"id","type","mass","i:0","i:1","i:2","v:0","v:1","v:2","f:0","f:1","f:2","radius","Points:0","Points:1","Points:2"
96,1,0.023028,0,0,0,3.8733e-14,4.3076e-14,6.2117e-14,-1.0004e-11,-2.1643e-11,-2.3647e-11,0.00568,0.0050714,0.005058,0.0047129
61,1,0.028664,0,0,0,8.5427e-14,1.1605e-13,3.5077e-14,1.3642e-12,-9.7771e-12,1.0914e-11,0.00611,0.028009,0.0050435,0.0040316
81,1,0.025158,0,0,0,1.07e-13,1.9058e-13,4.2383e-14,-3.0923e-11,1.819e-12,-4.0018e-11,0.00585,0.015809,0.0062545,0.0040459
32,1,0.035151,0,0,0,1.6599e-13,3.4216e-13,8.447e-14,3.3651e-11,1.819e-12,3.638e-11,0.00654,0.022245,0.0087159,0.012172
108,1,0.019788,0,0,0,1.1762e-13,4.6223e-14,7.2361e-14,-4.0927e-12,-2.0179e-12,-3.638e-12,0.0054,0.039103,0.0047704,0.0039179
121,1,0.016768,0,0,0,2.4611e-13,8.0952e-14,2.4679e-13,-1.5916e-11,-2.4556e-11,-5.457e-11,0.00511,0.044116,0.010302,0.010026
100,1,0.021599,0,0,0,3.4717e-14,5.0264e-14,1.1922e-13,2.5011e-12,-2.3988e-11,1.0914e-11,0.00556,0.049939,0.0049242,0.0039949
120,1,0.017065,0,0,0,3.1354e-14,5.4623e-14,1.0014e-13,8.2423e-12,1.7963e-11,-2.7285e-11,0.00514,0.052765,0.0047758,0.012874
110,1,0.01946,0,0,0,3.3035e-14,2.2451e-14,-2.8519e-14,1.7963e-11,1.0914e-11,-3.638e-12,0.00537,0.060683,0.005164,0.0045261
18,1,0.039687,0,0,0,4.4834e-14,-7.6702e-14,-2.1652e-13,1.5802e-11,-3.638e-12,2.9104e-11,0.00681,0.070837,0.010852,0.0051231
17,1,0.040568,0,0,0,3.0573e-13,1.1719e-14,1.031e-14,-8.1855e-12,7.617e-11,-2.0918e-11,0.00686,0.06056,0.013246,0.012637
70,1,0.027416,0,0,0,2.0377e-13,-4.2937e-14,-1.3314e-13,8.046e-12,-1.5007e-11,1.819e-12,0.00602,0.083491,0.0054434,0.0053836
97,1,0.022306,0,0,0,1.443e-13,1.7018e-14,-4.9553e-14,7.9012e-12,2.0464e-12,1.4552e-11,0.00562,0.095028,0.0052395,0.0039451
3,1,0.059634,0,0,0,1.8174e-13,1.7406e-13,1.2838e-13,-1.4325e-11,3.4674e-11,-1.2005e-10,0.0078,0.0080997,0.017705,0.0059244
68,1,0.02769,0,0,0,6.2002e-14,1.7608e-13,1.2806e-13,-1.3642e-11,3.3651e-11,-5.457e-11,0.00604,0.020115,0.025632,0.0040427
76,1,0.026738,0,0,0,2.1742e-13,1.2954e-13,3.4002e-14,1.2562e-11,-1.7735e-11,-2.9104e-11,0.00597,0.028083,0.01673,0.005382
94,1,0.023518,0,0,0,1.9418e-13,5.6838e-14,1.0988e-13,-2.1373e-11,1.8645e-11,-3.2742e-11,0.00572,0.03315,0.026752,0.0042508
111,1,0.018603,0,0,0,1.0097e-13,1.3603e-13,2.2818e-13,-3.6948e-13,-1.4552e-11,3.638e-11,0.00529,0.040188,0.016131,0.0034537
46,1,0.032176,0,0,0,3.2786e-13,1.8445e-13,2.9066e-13,4.6384e-11,-1.819e-11,-3.7744e-11,0.00635,0.038129,0.020161,0.012068
33,1,0.035151,0,0,0,1.6986e-13,1.1249e-13,1.3182e-13,-7.7307e-12,-2.6148e-12,-1.0914e-11,0.00654,0.051377,0.016617,0.0047884
127,1,0.015708,0,0,0,3.0089e-13,1.3376e-13,7.6055e-14,-3.3651e-11,-2.7057e-11,3.0241e-11,0.005,0.054742,0.024255,0.011809
90,1,0.024266,0,0,0,1.7332e-13,1.5565e-14,-1.4412e-14,3.547e-11,1.3415e-11,3.638e-12,0.00578,0.062747,0.019762,0.0038169
79,1,0.026604,0,0,0,5.595e-13,3.9886e-14,-5.6932e-14,4.7748e-11,-2.9104e-11,-6.0936e-11,0.00596,0.065083,0.025432,0.012241
24,1,0.037626,0,0,0,1.8933e-13,5.046e-14,-1.2162e-13,4.6711e-11,6.3665e-12,3.2742e-11,0.00669,0.074156,0.023828,0.0050811
119,1,0.017365,0,0,0,1.8025e-13,2.7559e-15,-1.5233e-13,1.6371e-11,2.2737e-12,1.819e-11,0.00517,0.082593,0.015895,0.0033336
66,1,0.027966,0,0,0,3.8097e-13,7.3284e-14,-2.9244e-13,9.3223e-11,-9.0949e-13,-1.4552e-11,0.00606,0.085249,0.024777,0.0094437
13,1,0.042734,0,0,0,1.9703e-13,2.5235e-14,-1.3456e-13,3.5925e-11,-4.3201e-12,-4.7294e-11,0.00698,0.093787,0.017179,0.005537
64,1,0.027966,0,0,0,1.4005e-13,2.0168e-13,9.463e-14,-7.0486e-12,-1.4097e-11,-3.638e-12,0.00606,0.0054029,0.031048,0.0046132
49,1,0.031572,0,0,0,2.3916e-13,3.163e-13,2.6456e-13,6.5938e-12,7.0941e-11,3.6835e-11,0.00631,0.0090045,0.039801,0.010331
125,1,0.016088,0,0,0,1.7811e-13,2.7971e-13,2.4726e-13,-1.819e-12,-1.7849e-11,-8.8676e-12,0.00504,0.014647,0.030829,0.010788
114,1,0.018497,0,0,0,9.7027e-14,2.343e-13,1.5268e-13,-3.8199e-11,8.8107e-12,-4.0018e-11,0.00528,0.015921,0.036943,0.0035398
5,1,0.0556,0,0,0,1.4669e-13,3.0376e-13,2.0165e-13,4.1496e-12,-5.1614e-11,-1.9099e-11,0.00762,0.02666,0.036481,0.0071095
118,1,0.017568,0,0,0,1.087e-13,2.023e-13,1.4708e-13,-2.4102e-11,-1.9782e-11,1.4552e-11,0.00519,0.038018,0.038018,0.0032889
4,1,0.055819,0,0,0,3.4781e-13,3.0583e-13,8.1965e-14,1.105e-10,-1.3051e-10,-6.3665e-11,0.00763,0.041412,0.041191,0.012909
6,1,0.054297,0,0,0,2.2714e-13,1.1636e-13,1.3031e-13,-7.9581e-12,4.5475e-12,-3.638e-12,0.00756,0.0457,0.029011,0.0056044
107,1,0.019898,0,0,0,2.3571e-13,8.0344e-14,-5.5031e-14,-3.547e-11,-1.1141e-11,3.638e-11,0.00541,0.048825,0.041299,0.0038633
48,1,0.031722,0,0,0,3.5592e-13,1.8541e-13,-7.1408e-14,-1.1005e-10,2.1828e-11,-1.2278e-11,0.00632,0.053427,0.036877,0.012183
62,1,0.028523,0,0,0,3.1543e-13,-1.2109e-14,-5.3556e-14,-1.9554e-11,-1.1823e-11,-1.819e-11,0.0061,0.060167,0.042253,0.0045138
47,1,0.031873,0,0,0,2.1827e-13,3.9802e-14,-2.5916e-14,5.7813e-11,-8.4128e-12,0,0.00633,0.058975,0.030397,0.0046132
82,1,0.025158,0,0,0,3.0504e-13,4.1392e-14,-7.5411e-14,3.3197e-11,6.9633e-12,4.0018e-11,0.00585,0.069685,0.035147,0.0044206
131,1,0.013984,0,0,0,6.4957e-13,1.712e-13,-9.0907e-14,3.2287e-11,2.8649e-11,2.1146e-11,0.00481,0.064102,0.035614,0.012589
31,1,0.035151,0,0,0,3.1549e-13,-3.8425e-14,-1.716e-13,6.4347e-11,7.7307e-12,-1.4552e-11,0.00654,0.081776,0.035015,0.0049486
117,1,0.017568,0,0,0,5.8767e-13,-6.4089e-14,-2.3993e-13,8.049e-11,-3.0127e-12,7.9581e-11,0.00519,0.074847,0.041917,0.010067
73,1,0.027279,0,0,0,2.6676e-13,2.4633e-14,-2.2909e-14,8.0604e-11,1.3188e-11,2.1828e-11,0.00601,0.094663,0.031868,0.0039234
245,1,0.018815,0,0,0,6.9662e-13,-4.2375e-14,-1.0464e-13,1.2824e-10,-2.2737e-11,-8.7311e-11,0.00531,0.090912,0.037648,0.010609
128,1,0.015708,0,0,0,1.2222e-14,2.0372e-13,6.3152e-14,7.1623e-12,1.728e-11,5.457e-12,0.005,0.0043189,0.045638,0.0038299
42,1,0.033097,0,0,0,1.9029e-13,1.4741e-13,2.0307e-13,2.3874e-11,-7.7307e-12,8.0036e-11,0.00641,0.016797,0.048232,0.0049339
39,1,0.033564,0,0,0,2.0781e-13,2.8311e-14,1.1123e-13,4.1837e-11,-5.2751e-11,-4.7294e-11,0.00644,0.029427,0.047947,0.0046161
44,1,0.032481,0,0,0,1.8911e-13,1.2248e-13,2.8022e-14,1.728e-11,-6.5938e-12,-5.0932e-11,0.00637,0.042255,0.05085,0.0043082
1,1,0.064099,0,0,0,3.4086e-13,1.8898e-13,-2.5784e-13,-9.1177e-11,2.3192e-11,5.8208e-11,0.00799,0.057888,0.055404,0.0058202
93,1,0.02389,0,0,0,4.0906e-13,-5.5157e-14,-1.6112e-13,-5.69e-11,-5.9117e-12,0,0.00575,0.069732,0.048057,0.0039755
15,1,0.041642,0,0,0,4.632e-13,-9.6439e-14,-2.1752e-13,-4.3201e-11,4.8203e-11,8.7311e-11,0.00692,0.083875,0.047791,0.0050128
65,1,0.027966,0,0,0,7.0351e-13,-1.3798e-14,-4.2571e-13,7.276e-11,-2.2737e-11,1.819e-12,0.00606,0.075622,0.052319,0.012209
105,1,0.020342,0,0,0,3.5322e-13,-6.7738e-14,-2.0891e-14,4.1467e-11,-6.8212e-13,-2.5466e-11,0.00545,0.095278,0.043059,0.0038829
75,1,0.027143,0,0,0,3.467e-13,-6.1937e-14,-1.4736e-13,2.3419e-11,2.3164e-11,-1.2733e-11,0.006,0.094672,0.054331,0.0046724
37,1,0.034035,0,0,0,-2.2346e-15,7.0009e-14,5.6669e-14,2.8649e-11,4.8658e-11,-3.2742e-11,0.00647,0.0060488,0.059894,0.0049763
109,1,0.019678,0,0,0,4.6999e-14,-6.9667e-15,1.2564e-13,4.2064e-11,-2.0009e-11,2.9104e-11,0.00539,0.012315,0.069425,0.0039319
129,1,0.015149,0,0,0,3.9288e-14,-2.3756e-14,8.9211e-14,-3.2742e-11,1.5916e-11,1.0687e-11,0.00494,0.0041326,0.070217,0.0083059
35,1,0.034351,0,0,0,1.8565e-13,2.5059e-14,1.5375e-13,1.1482e-11,-1.6371e-11,4.3656e-11,0.00649,0.019598,0.060477,0.004127
106,1,0.020342,0,0,0,3.6851e-13,1.1767e-13,1.2554e-13,3.0923e-11,-2.683e-11,1.9099e-11,0.00545,0.02641,0.065413,0.011232
36,1,0.034193,0,0,0,2.6714e-13,1.379e-13,6.3815e-14,-1.1369e-12,-1.5916e-12,-3.2742e-11,0.00648,0.03242,0.059352,0.0047028
58,1,0.028805,0,0,0,1.6873e-13,7.2893e-14,-3.3749e-14,1.0459e-11,1.6371e-11,-3.638e-12,0.00612,0.034871,0.071163,0.0048671
53,1,0.03024,0,0,0,2.4362e-13,1.3442e-13,-1.386e-13,7.4181e-12,-3.2514e-11,0,0.00622,0.044365,0.062696,0.004774
22,1,0.037795,0,0,0,2.9184e-13,2.6519e-13,-2.5711e-13,-4.5141e-11,-3.3197e-11,-4.0018e-11,0.0067,0.05517,0.06946,0.0047781
103,1,0.020454,0,0,0,3.613e-13,1.3303e-13,-1.9625e-13,7.8671e-11,-6.5938e-12,-1.819e-12,0.00546,0.046954,0.069858,0.012302
52,1,0.030533,0,0,0,3.1733e-13,2.9242e-13,-2.9601e-13,-8.6402e-11,1.819e-11,7.276e-12,0.00624,0.067033,0.069375,0.0044481
27,1,0.035637,0,0,0,6.8566e-13,1.8055e-13,-5.6325e-13,-2.2465e-10,-3.422e-11,-8.1855e-12,0.00657,0.067097,0.06178,0.013332
86,1,0.024518,0,0,0,3.7056e-13,-4.2578e-14,-3.6693e-13,-1.1369e-12,-5.6843e-13,-2.5466e-11,0.0058,0.072487,0.058864,0.0042141
51,1,0.030827,0,0,0,4.2326e-13,-2.1166e-14,-3.8111e-13,-8.8221e-11,2.2283e-11,5.8208e-11,0.00626,0.084454,0.060893,0.0047489
130,1,0.014784,0,0,0,5.9776e-13,2.3106e-13,-4.4e-13,-2.9559e-12,-3.0468e-11,1.9554e-11,0.0049,0.07673,0.0679,0.0050938
124,1,0.01628,0,0,0,3.5818e-13,-1.9482e-14,-1.1145e-13,-1.7508e-11,2.5011e-11,0,0.00506,0.095624,0.065246,0.0035235
88,1,0.024392,0,0,0,6.2299e-13,-1.5155e-13,-4.3135e-13,-1.4552e-11,1.0277e-10,4.5475e-12,0.00579,0.093312,0.062023,0.01212
85,1,0.024518,0,0,0,9.6289e-14,-7.9997e-14,5.5344e-14,1.3642e-12,-5.9117e-12,0,0.0058,0.0055345,0.079576,0.0045278
104,1,0.020454,0,0,0,2.3131e-13,-1.4812e-13,1.446e-13,9.0949e-12,-1.819e-12,-4.0927e-11,0.00546,0.011728,0.085427,0.01015
38,1,0.033877,0,0,0,1.5005e-13,2.4744e-14,6.8451e-14,-7.0486e-12,-9.5497e-12,7.276e-12,0.00646,0.022916,0.072551,0.0043294
113,1,0.018603,0,0,0,1.9157e-13,-3.2433e-14,1.2073e-13,-1.1369e-12,-1.0004e-11,-7.276e-12,0.00529,0.018331,0.083177,0.0038113
89,1,0.024392,0,0,0,1.5643e-13,7.5514e-14,3.975e-14,4.0245e-11,3.4106e-12,-3.638e-11,0.00579,0.028904,0.08273,0.0042954
26,1,0.036955,0,0,0,3.0604e-13,1.3709e-13,2.8867e-13,3.1775e-11,1.728e-11,-2.1828e-11,0.00665,0.039459,0.082051,0.0078359
122,1,0.016669,0,0,0,8.8102e-14,1.1759e-13,-3.2519e-14,-2.9786e-11,3.0042e-11,-1.2733e-11,0.0051,0.045211,0.073978,0.0038967
126,1,0.016088,0,0,0,2.3717e-13,3.2187e-13,2.6285e-13,-5.6389e-11,1.4552e-11,-3.0923e-11,0.00504,0.049588,0.083345,0.003642
112,1,0.018603,0,0,0,3.1903e-13,5.8439e-13,-5.9401e-14,2.2737e-12,4.1382e-11,-7.276e-12,0.00529,0.052404,0.078211,0.01127
50,1,0.031272,0,0,0,2.1914e-13,3.9786e-13,-9.3727e-14,-5.3433e-11,-1.3756e-11,-1.819e-11,0.00629,0.060251,0.081561,0.0046575
123,1,0.016669,0,0,0,5.5212e-13,5.6529e-13,-1.3712e-13,-3.6266e-11,2.9104e-11,-2.9559e-11,0.0051,0.065838,0.085683,0.012372
43,1,0.032942,0,0,0,5.6853e-13,2.2936e-13,-3.7495e-13,-9.9817e-11,-6.3665e-12,7.276e-11,0.0064,0.085175,0.073785,0.0049285
14,1,0.041642,0,0,0,4.4382e-13,2.931e-13,-2.2187e-13,-1.7872e-10,-3.1264e-11,-9.8225e-11,0.00692,0.072821,0.080759,0.0051346
21,1,0.037964,0,0,0,6.4833e-13,5.9654e-13,-3.4405e-13,9.1404e-11,3.1832e-12,1.0186e-10,0.00671,0.084305,0.0855,0.007894
78,1,0.026604,0,0,0,4.7517e-13,2.0511e-13,-1.6177e-13,-7.8217e-11,5.2253e-11,-7.276e-12,0.00596,0.094791,0.081643,0.0042
69,1,0.027416,0,0,0,5.4993e-13,1.0838e-13,-2.6251e-13,1.819e-12,3.0468e-11,4.4338e-11,0.00602,0.095159,0.072503,0.010391
67,1,0.027828,0,0,0,7.2906e-14,-1.0044e-13,4.995e-14,2.6375e-11,-1.5234e-11,5.457e-12,0.00605,0.0052766,0.091677,0.0046523
101,1,0.020793,0,0,0,1.2608e-13,-2.3084e-13,9.352e-14,2.7512e-11,-2.3647e-11,-1.2051e-11,0.00549,0.010276,0.095629,0.012873
74,1,0.027143,0,0,0,1.8224e-13,-9.1272e-14,1.2206e-13,-9.0097e-12,-1.0459e-11,2.5466e-11,0.006,0.016558,0.094233,0.0048038
91,1,0.024266,0,0,0,1.9976e-13,-4.5964e-14,1.2157e-13,-2.2965e-11,-1.1823e-11,-1.819e-12,0.00578,0.027723,0.094728,0.0043851
9,1,0.047492,0,0,0,3.9632e-13,-1.5885e-13,1.9369e-13,1.728e-11,5.1841e-11,7.185e-11,0.00723,0.023178,0.088315,0.013103
84,1,0.025029,0,0,0,3.5542e-13,4.1475e-13,4.0788e-13,7.9922e-11,2.6375e-11,5.2978e-11,0.00584,0.034446,0.094792,0.012395
8,1,0.047492,0,0,0,3.4972e-13,4.922e-13,4.8774e-13,3.8199e-11,-4.6839e-11,1.2369e-10,0.00723,0.044393,0.093701,0.0050351
98,1,0.022187,0,0,0,2.5809e-13,3.0507e-13,-2.2916e-14,-8.481e-11,1.5234e-11,2.1828e-11,0.00561,0.056566,0.094877,0.0040791
115,1,0.018288,0,0,0,3.4921e-13,5.4703e-13,1.3817e-13,-8.7766e-11,3.0468e-11,-5.457e-12,0.00526,0.053213,0.088113,0.010349
12,1,0.043103,0,0,0,2.8521e-13,2.669e-13,3.5315e-14,-8.6175e-11,5.4342e-11,-1.4552e-11,0.007,0.069254,0.093581,0.0054349
92,1,0.024015,0,0,0,2.6044e-13,2.7156e-13,-1.1947e-13,-3.9563e-11,3.4561e-11,2.5466e-11,0.00576,0.081651,0.095185,0.0040366
99,1,0.022069,0,0,0,3.8785e-13,3.9085e-13,-2.1572e-13,6.2244e-11,2.0009e-11,-9.527e-11,0.0056,0.078029,0.095012,0.013113
41,1,0.033252,0,0,0,1.0958e-13,3.5918e-13,7.2123e-14,-6.0027e-11,7.276e-12,1.0914e-11,0.00642,0.094079,0.094219,0.0048747
57,1,0.028946,0,0,0,8.9532e-14,1.6735e-13,9.5205e-14,-3.1491e-11,-5.0022e-12,-7.617e-12,0.00613,0.01094,0.0056451,0.013829
261,1,0.013984,0,0,0,4.4985e-14,6.0259e-14,4.492e-14,-1.0004e-11,2.899e-12,-5.9686e-13,0.00481,0.0043306,0.0044849,0.021563
116,1,0.017771,0,0,0,1.2841e-13,1.6121e-13,1.2345e-13,-2.2965e-11,6.3665e-12,-3.3225e-11,0.00521,0.025441,0.0042891,0.020579
174,1,0.03372,0,0,0,1.6868e-13,2.6614e-13,1.6377e-13,2.4102e-11,-2.8194e-11,1.0914e-11,0.00645,0.016882,0.011742,0.021996
19,1,0.039165,0,0,0,2.5531e-13,1.4396e-13,1.2987e-13,-1.061e-10,-5.2751e-11,-7.6909e-11,0.00678,0.034362,0.0060495,0.013541
208,1,0.027143,0,0,0,3.4776e-13,1.7302e-13,4.2962e-13,3.9563e-11,2.5921e-11,-1.5916e-11,0.006,0.039927,0.013822,0.021037
190,1,0.030533,0,0,0,2.4409e-13,1.5865e-13,1.7336e-13,-6.8553e-11,-3.0923e-11,4.0018e-11,0.00624,0.034553,0.0050278,0.025128
240,1,0.019898,0,0,0,2.5638e-13,4.0656e-14,1.8286e-13,-1.5689e-11,1.5461e-11,5.3547e-11,0.00541,0.044829,0.0046098,0.017924
375,1,0.017669,0,0,0,3.381e-13,1.3601e-13,2.0774e-13,-1.1119e-10,-1.1823e-11,4.6839e-11,0.0052,0.054251,0.0089766,0.021437
56,1,0.02923,0,0,0,1.6003e-13,1.4165e-14,-4.5108e-13,1.7053e-11,1.2733e-11,-2.7057e-11,0.00615,0.07069,0.0052592,0.014924
251,1,0.016088,0,0,0,1.5102e-13,5.1202e-14,-1.1134e-13,1.6087e-11,-3.638e-12,-8.2991e-12,0.00504,0.060758,0.0034728,0.017316
221,1,0.023518,0,0,0,6.2821e-13,-2.0896e-13,-4.2413e-13,-5.6389e-11,3.4106e-12,3.8654e-11,0.00572,0.064417,0.0093173,0.023998
102,1,0.020567,0,0,0,3.5544e-13,4.1586e-14,-2.5753e-13,-1.4893e-11,-2.1828e-11,1.0232e-11,0.00547,0.081835,0.0042749,0.016382
256,1,0.015149,0,0,0,5.4743e-13,-4.8196e-15,-3.6816e-13,-6.321e-11,-6.3665e-12,3.4561e-11,0.00494,0.085943,0.011584,0.022077
168,1,0.03483,0,0,0,7.094e-13,-2.9238e-13,-7.723e-13,1.9259e-10,3.4106e-12,-5.2751e-11,0.00652,0.075719,0.010441,0.024046
29,1,0.035637,0,0,0,4.923e-13,-8.2275e-14,-1.8228e-13,3.2401e-11,-9.0949e-13,-8.7311e-11,0.00657,0.09244,0.0066558,0.013781
161,1,0.036955,0,0,0,6.0426e-13,-2.0284e-14,-1.6991e-13,-1.5461e-10,-1.5007e-11,8.5834e-11,0.00665,0.094387,0.0059572,0.025419
45,1,0.032328,0,0,0,1.9983e-13,2.3788e-13,8.1331e-14,-4.0018e-11,2.2737e-12,-2.558e-11,0.00636,0.0056216,0.027188,0.015176
80,1,0.025158,0,0,0,1.2545e-13,1.9318e-13,1.7686e-13,-1.1823e-11,-1.0459e-11,4.7457e-11,0.00585,0.0050124,0.014557,0.017218
252,1,0.016088,0,0,0,2.0945e-13,2.4845e-13,1.621e-13,-2.7285e-11,-1.2506e-12,5.025e-11,0.00504,0.011885,0.021198,0.021391
23,1,0.037795,0,0,0,2.144e-13,3.1869e-13,2.4224e-13,-1.7621e-11,-5.0022e-12,1.0004e-11,0.0067,0.018908,0.020605,0.013459
201,1,0.027966,0,0,0,1.883e-13,5.1147e-13,3.484e-13,-1.5461e-11,-8.4128e-12,4.9567e-11,0.00606,0.023073,0.023056,0.024326
181,1,0.032481,0,0,0,2.4636e-13,2.9738e-13,2.9017e-13,-1.3068e-10,-3.1378e-11,4.0927e-12,0.00637,0.029026,0.015906,0.017981
234,1,0.020793,0,0,0,3.5478e-13,3.4482e-13,4.1014e-13,3.5698e-11,-2.7285e-12,-1.2278e-11,0.00549,0.035025,0.023093,0.023788
189,1,0.030975,0,0,0,3.388e-13,1.8301e-13,3.4502e-13,2.0009e-11,6.0936e-11,3.1832e-12,0.00627,0.049129,0.016506,0.0161
150,1,0.039513,0,0,0,3.5509e-13,2.2708e-13,1.7369e-13,-5.1045e-11,7.276e-12,-9.7316e-11,0.0068,0.046333,0.028143,0.018448
138,1,0.05344,0,0,0,4.2248e-13,1.0055e-13,3.9158e-13,-6.2059e-11,8.7311e-11,5.0932e-11,0.00752,0.058414,0.020286,0.023921
83,1,0.025029,0,0,0,5.924e-13,7.8124e-14,-1.2225e-13,1.8645e-11,-1.4779e-11,5.8208e-11,0.00584,0.069724,0.018126,0.018084
11,1,0.043846,0,0,0,4.8178e-13,5.1608e-14,-2.6662e-13,7.9581e-12,2.0322e-11,7.4579e-11,0.00704,0.079969,0.014694,0.01301
148,1,0.041282,0,0,0,6.7099e-13,1.2624e-13,-5.1436e-13,-2.4926e-11,-1.1823e-11,-1.1823e-11,0.0069,0.080303,0.024049,0.021465
209,1,0.026873,0,0,0,4.9431e-13,1.2646e-13,-2.2324e-13,1.8304e-11,1.7053e-11,-9.0949e-12,0.00598,0.091637,0.018144,0.017067
60,1,0.028664,0,0,0,4.2488e-13,3.903e-14,-9.9233e-14,1.2187e-10,1.5575e-11,-1.9099e-11,0.00611,0.094987,0.028206,0.013946
154,1,0.038476,0,0,0,5.2703e-13,7.5105e-14,-1.3893e-13,2.6682e-10,-2.2595e-12,-8.9287e-11,0.00674,0.093405,0.028368,0.025753
87,1,0.024518,0,0,0,2.5019e-13,4.0569e-13,3.3995e-13,1.2733e-11,-9.3223e-12,-1.2705e-11,0.0058,0.004598,0.038574,0.019801
160,1,0.036955,0,0,0,2.4773e-13,3.4729e-13,2.2262e-13,4.2519e-11,8.8676e-12,-2.5466e-11,0.00665,0.013844,0.032609,0.023265
224,1,0.022545,0,0,0,1.8062e-13,3.5901e-13,3.9586e-13,-3.1832e-11,-2.9331e-11,-1.1823e-11,0.00564,0.022851,0.031,0.016848
71,1,0.027416,0,0,0,3.9195e-13,3.1611e-13,3.4527e-13,6.2073e-11,-2.9104e-11,9.0949e-12,0.00602,0.018471,0.041514,0.016289
166,1,0.035475,0,0,0,3.4775e-13,2.7042e-13,3.2681e-13,3.8881e-11,4.9567e-11,-2.8194e-11,0.00656,0.034057,0.030387,0.01571
164,1,0.0358,0,0,0,5.3084e-13,3.212e-13,3.308e-13,-7.9126e-11,-3.3992e-11,-2.7285e-11,0.00658,0.03002,0.042785,0.018544
213,1,0.024518,0,0,0,3.9458e-13,3.2836e-13,1.6184e-13,-5.9117e-11,1.2051e-11,-6.0027e-11,0.0058,0.039252,0.03641,0.024266
185,1,0.031873,0,0,0,7.512e-13,3.6218e-13,-1.5728e-13,-3.2287e-11,2.5807e-11,-4.9567e-11,0.00633,0.050738,0.037907,0.024308
250,1,0.016965,0,0,0,3.5433e-13,1.7073e-13,1.4642e-13,-6.2869e-11,6.3437e-11,8.1855e-12,0.00513,0.058045,0.030318,0.018231
226,1,0.022306,0,0,0,6.6344e-13,3.2979e-13,-1.5531e-13,6.321e-11,-1.3142e-10,-3.2742e-11,0.00562,0.061572,0.039127,0.021374
184,1,0.031873,0,0,0,6.9341e-13,1.3548e-13,-1.4984e-13,2.0827e-10,1.1005e-10,4.2292e-11,0.00633,0.067981,0.029119,0.022376
54,1,0.02966,0,0,0,5.5906e-13,2.4926e-14,-2.4455e-13,-1.1369e-11,-2.8024e-11,-5.9117e-12,0.00618,0.074916,0.031612,0.013691
151,1,0.039165,0,0,0,6.7237e-13,6.1658e-14,-1.9602e-13,-2.2737e-10,4.4565e-11,9.004e-11,0.00678,0.073518,0.040543,0.021364
244,1,0.018921,0,0,0,6.1543e-13,1.9823e-13,-3.5174e-13,4.1837e-11,-7.185e-11,1.6371e-11,0.00532,0.085398,0.032617,0.016341
192,1,0.030094,0,0,0,7.2856e-13,1.0133e-13,-2.4733e-13,-1.0323e-10,1.105e-10,-4.0018e-11,0.00621,0.085421,0.03811,0.025318
227,1,0.022069,0,0,0,6.2704e-13,-1.0901e-13,-2.0584e-13,2.01e-10,3.1378e-11,-3.0468e-11,0.0056,0.095179,0.037876,0.019244
10,1,0.046709,0,0,0,2.9452e-13,3.452e-13,2.8307e-13,1.3347e-10,-1.628e-10,-1.728e-11,0.00719,0.0081521,0.051709,0.013626
188,1,0.031272,0,0,0,6.435e-13,5.1784e-13,5.0389e-13,-2.2737e-12,-5.4115e-11,-1.1369e-11,0.00629,0.011253,0.046087,0.02437
257,1,0.014784,0,0,0,2.8745e-13,3.5196e-13,2.2408e-13,-1.0914e-11,1.8879e-11,-3.3538e-12,0.0049,0.0041979,0.057058,0.022341
2,1,0.061254,0,0,0,5.2971e-13,2.8802e-13,3.8134e-13,-4.4565e-11,-8.2423e-12,-7.4579e-11,0.00787,0.023484,0.053949,0.014474
95,1,0.023272,0,0,0,4.1699e-13,3.4237e-13,2.2854e-13,6.6507e-12,4.7294e-11,1.3642e-11,0.0057,0.035987,0.052193,0.014074
157,1,0.037626,0,0,0,1.0329e-12,3.2562e-13,4.3833e-13,-9.4133e-11,1.2687e-10,-4.0018e-11,0.00669,0.033558,0.055423,0.024528
16,1,0.040568,0,0,0,4.3894e-13,3.4681e-13,-1.1479e-13,3.5811e-11,1.1187e-10,-1.0277e-10,0.00686,0.046984,0.05512,0.013872
211,1,0.026204,0,0,0,5.6922e-13,2.9419e-13,-2.777e-13,6.3665e-12,-5.7298e-11,7.185e-11,0.00593,0.053946,0.046246,0.017125
167,1,0.035475,0,0,0,9.574e-13,3.369e-13,-1.9311e-13,1.3188e-11,-2.1623e-10,1.6371e-11,0.00656,0.043808,0.047963,0.023629
25,1,0.037458,0,0,0,7.0438e-13,3.46e-14,-2.5337e-13,1.6962e-10,-6.7303e-11,2.7285e-11,0.00668,0.065359,0.046416,0.014008
232,1,0.020907,0,0,0,8.272e-13,1.9507e-13,-5.2291e-13,4.9226e-11,5.1841e-11,5.9117e-11,0.0055,0.059492,0.05497,0.018028
133,1,0.057146,0,0,0,6.9733e-13,3.3907e-13,-7.2422e-13,-2.45e-11,-1.3688e-10,-2.4556e-11,0.00769,0.07122,0.054313,0.023838
179,1,0.032788,0,0,0,7.0326e-13,-3.0646e-14,-2.0684e-13,1.0687e-11,3.0923e-11,-5.8662e-11,0.00639,0.083908,0.043645,0.015696
260,1,0.01416,0,0,0,8.5998e-13,-1.0116e-13,-5.175e-13,4.3542e-11,6.1391e-12,6.7985e-11,0.00483,0.081412,0.048655,0.024045
77,1,0.026738,0,0,0,6.8368e-13,-1.3535e-13,-1.7109e-13,-1.1141e-10,6.8212e-11,7.9126e-11,0.00597,0.094552,0.047235,0.013055
169,1,0.03483,0,0,0,6.5033e-13,-2.6989e-13,-4.7596e-13,1.0027e-10,-1.0778e-10,6.9122e-11,0.00652,0.086241,0.055331,0.016574
134,1,0.0556,0,0,0,7.0749e-13,-1.3748e-13,-1.739e-13,-2.9831e-10,8.913e-11,-1.0709e-10,0.00762,0.093374,0.048781,0.024969
165,1,0.0358,0,0,0,1.4383e-13,1.5649e-13,1.6532e-13,-1.4552e-11,-2.6489e-11,2.0918e-11,0.00658,0.00504,0.066671,0.018236
40,1,0.033252,0,0,0,2.8086e-13,1.2991e-13,2.4902e-13,1.2506e-11,-1.7394e-11,-8.1855e-11,0.00642,0.014418,0.064169,0.012967
146,1,0.042734,0,0,0,5.0762e-13,3.6028e-14,1.8475e-13,-2.1572e-11,1.728e-11,2.8194e-11,0.00698,0.023342,0.067662,0.021212
193,1,0.02966,0,0,0,4.8554e-13,3.3034e-13,4.0609e-13,1.2733e-11,-3.547e-11,1.728e-11,0.00618,0.014511,0.058412,0.023649
20,1,0.038992,0,0,0,3.7163e-13,2.2717e-13,7.6634e-14,-2.3476e-11,-5.0932e-11,2.8194e-11,0.00677,0.037281,0.063846,0.01458
222,1,0.023272,0,0,0,1.0545e-12,6.5089e-13,4.2971e-13,1.2142e-10,-2.9922e-10,-1.3642e-12,0.0057,0.034758,0.067004,0.025321
55,1,0.029373,0,0,0,8.9478e-13,2.8477e-13,-5.5632e-13,-4.1041e-11,-1.7451e-11,2.2737e-12,0.00616,0.055528,0.064259,0.014912
137,1,0.054297,0,0,0,1.1437e-12,3.4355e-13,2.0646e-13,-2.0464e-12,1.6053e-10,-9.7316e-11,0.00756,0.046116,0.061423,0.025233
183,1,0.032024,0,0,0,1.5024e-12,2.1863e-13,-1.3901e-12,-3.9108e-11,2.6375e-11,1.2824e-10,0.00634,0.070911,0.068751,0.021623
199,1,0.028523,0,0,0,7.0948e-13,1.2189e-13,-6.036e-13,-4.6384e-11,-5.1386e-11,-6.0027e-11,0.0061,0.078635,0.063146,0.013901
147,1,0.042551,0,0,0,7.2408e-13,1.1611e-13,-8.7612e-13,6.9747e-11,1.8986e-10,1.4643e-10,0.00697,0.081891,0.063507,0.025488
202,1,0.027966,0,0,0,6.4491e-13,1.4852e-13,-5.1553e-13,9.2768e-11,1.7417e-10,3.3197e-11,0.00606,0.086806,0.070345,0.017013
239,1,0.020008,0,0,0,6.4106e-13,-2.4626e-13,-2.2163e-13,-4.7294e-11,3.439e-11,-5.2296e-11,0.00542,0.095019,0.06414,0.02186
233,1,0.020793,0,0,0,1.1981e-13,-1.1808e-13,6.5636e-14,-3.7517e-12,-2.1508e-11,-1.9696e-11,0.00549,0.0053185,0.077942,0.014985
210,1,0.026604,0,0,0,2.6077e-13,-6.3625e-14,1.8735e-13,7.3669e-11,-2.7285e-12,7.6398e-11,0.00596,0.012355,0.084547,0.019938
171,1,0.034035,0,0,0,3.5538e-13,8.8463e-14,1.6865e-13,-2.5352e-11,5.4911e-11,2.683e-11,0.00647,0.012769,0.073289,0.023834
205,1,0.027553,0,0,0,2.0399e-13,1.5044e-13,2.143e-13,2.9598e-11,7.72e-12,-2.7285e-11,0.00603,0.016568,0.07604,0.013028
153,1,0.03882,0,0,0,5.2965e-13,-6.2863e-14,-7.637e-15,9.0949e-13,3.7289e-11,-7.276e-12,0.00676,0.022828,0.080618,0.023154
30,1,0.035475,0,0,0,3.2265e-13,-3.7104e-14,8.4047e-16,2.2737e-12,3.1832e-11,3.9108e-11,0.00656,0.02908,0.076175,0.013579
34,1,0.03451,0,0,0,3.2489e-13,-6.3991e-13,-1.8775e-13,1.3256e-10,1.0732e-10,-1.2733e-11,0.0065,0.039962,0.074945,0.01853
142,1,0.04769,0,0,0,6.6326e-13,-1.649e-13,-5.7537e-13,-1.0368e-10,-2.6375e-11,-1.819e-11,0.00724,0.052335,0.073621,0.022177
254,1,0.015897,0,0,0,1.5642e-13,-5.697e-13,3.73e-14,-3.4106e-11,-8.913e-11,4.6384e-11,0.00502,0.046258,0.083412,0.021561
28,1,0.035637,0,0,0,6.9217e-13,6.5125e-13,-3.114e-13,7.4579e-11,6.4574e-11,1.3824e-10,0.00657,0.062993,0.074321,0.01398
194,1,0.029373,0,0,0,2.3143e-13,7.3984e-13,3.9648e-13,-3.0468e-11,-1.5143e-10,-2.683e-11,0.00616,0.057557,0.084449,0.018315
191,1,0.03024,0,0,0,8.7886e-13,7.2443e-13,-8.665e-13,-1.055e-10,-6.5484e-11,-4.8203e-11,0.00622,0.06775,0.081494,0.022013
59,1,0.028805,0,0,0,6.9672e-13,4.4645e-13,-6.0684e-13,9.6406e-11,9.2314e-11,7.3214e-11,0.00612,0.076871,0.074277,0.013489
236,1,0.020342,0,0,0,7.1299e-13,4.7402e-13,-5.9883e-13,1.5357e-10,-2.1576e-11,-3.1832e-12,0.00545,0.07522,0.0852,0.015366
237,1,0.020342,0,0,0,6.5434e-13,6.3876e-13,-4.9278e-13,-1.7189e-10,-2.392e-10,-4.6384e-11,0.00545,0.083531,0.080824,0.018406
7,1,0.04769,0,0,0,6.6916e-13,4.6342e-13,-2.2474e-13,-2.4193e-10,5.5024e-11,4.0927e-12,0.00724,0.094045,0.083487,0.015693
220,1,0.024015,0,0,0,6.068e-13,2.0013e-13,-8.5608e-14,-4.3656e-11,8.1855e-12,9.5497e-12,0.00576,0.094894,0.074715,0.02362
247,1,0.018288,0,0,0,1.2651e-13,-1.5042e-13,8.3344e-14,-1.4552e-11,-3.638e-12,-1.1369e-11,0.00526,0.0039678,0.08854,0.015071
243,1,0.019788,0,0,0,1.5426e-13,-2.486e-13,1.4714e-13,2.2169e-12,-7.276e-12,6.3665e-12,0.0054,0.0057635,0.095308,0.022033
255,1,0.015897,0,0,0,1.8248e-13,-1.6185e-13,1.3742e-13,9.0949e-12,-2.0634e-11,9.3934e-12,0.00502,0.0043133,0.08622,0.025711
225,1,0.022545,0,0,0,2.482e-13,-2.9197e-13,1.7431e-13,2.9331e-11,-2.2737e-11,1.0573e-11,0.00564,0.016331,0.094951,0.020737
155,1,0.037964,0,0,0,5.3856e-13,-5.5124e-13,4.715e-13,-2.9218e-11,5.457e-11,-1.9327e-11,0.00671,0.027101,0.094096,0.024132
162,1,0.036623,0,0,0,4.8156e-13,-4.9072e-13,5.0447e-13,3.0241e-11,-7.0031e-11,3.638e-11,0.00663,0.034572,0.085469,0.019232
173,1,0.033877,0,0,0,4.516e-13,-1.8606e-13,1.247e-12,-4.6384e-11,2.3078e-11,-2.2374e-10,0.00646,0.045277,0.092565,0.016387
180,1,0.032634,0,0,0,1.0794e-12,-6.8989e-13,1.7251e-12,-6.662e-11,1.9099e-10,-3.53e-11,0.00638,0.054347,0.094535,0.023379
72,1,0.027279,0,0,0,2.5496e-14,4.8214e-13,1.2401e-13,-1.8417e-11,6.8212e-11,-3.1832e-11,0.00601,0.060556,0.094782,0.013673
204,1,0.02769,0,0,0,6.9383e-13,5.2542e-13,1.413e-13,-8.8676e-11,6.1391e-11,1.3142e-10,0.00604,0.06981,0.093857,0.019646
132,1,0.070819,0,0,0,7.0579e-13,3.6071e-13,-2.7408e-13,-7.9787e-11,7.8103e-11,1.0132e-11,0.00826,0.082251,0.091925,0.024986
63,1,0.028383,0,0,0,4.2906e-13,5.7806e-13,-1.3707e-13,1.5802e-11,-1.819e-12,-4.7783e-11,0.00609,0.089269,0.09481,0.01434
253,1,0.015897,0,0,0,3.716e-13,3.4724e-13,-1.2633e-13,-3.3651e-11,2.7285e-12,-1.4666e-11,0.00502,0.095529,0.095504,0.02264
139,1,0.050101,0,0,0,7.0751e-14,2.3743e-13,1.482e-13,2.6375e-11,1.1369e-12,-2.0918e-11,0.00736,0.0065324,0.013485,0.028912
293,1,0.035475,0,0,0,7.1471e-15,1.4641e-13,1.7801e-13,1.1468e-11,5.457e-12,-9.0949e-12,0.00656,0.011581,0.0056782,0.037655
175,1,0.03372,0,0,0,1.0378e-13,2.1877e-13,7.4434e-14,3.638e-12,2.9104e-11,2.3192e-11,0.00645,0.022085,0.0054074,0.030493
361,1,0.019678,0,0,0,-1.8219e-13,3.0149e-13,1.6318e-13,-1.2079e-12,2.1828e-11,2.0464e-11,0.00539,0.03482,0.0050204,0.035627
280,1,0.039165,0,0,0,3.6e-13,2.3319e-13,5.405e-13,1.0603e-10,1.9895e-11,-3.3907e-11,0.00678,0.046174,0.0066112,0.029009
359,1,0.019678,0,0,0,3.4332e-13,4.9089e-13,1.178e-12,1.6257e-11,-4.4906e-11,7.276e-12,0.00539,0.05476,0.013274,0.033158
136,1,0.054297,0,0,0,1.4482e-12,-1.1546e-12,-1.1583e-12,-4.7976e-11,6.7303e-11,1.6917e-10,0.00756,0.06927,0.0077063,0.035126
177,1,0.033407,0,0,0,-1.8251e-13,1.9715e-14,-4.2595e-13,6.6166e-11,-1.0914e-11,-6.5882e-11,0.00643,0.083867,0.0054633,0.031254
248,1,0.018184,0,0,0,6.3417e-13,-2.4757e-13,-3.1231e-13,4.3656e-11,-7.0486e-11,2.1203e-11,0.00525,0.095803,0.011489,0.034753
206,1,0.027416,0,0,0,9.2276e-14,1.7886e-13,1.5103e-13,-4.1837e-11,-4.8658e-11,-1.0459e-11,0.00602,0.0047084,0.026069,0.026453
172,1,0.034035,0,0,0,1.583e-13,3.8839e-13,1.5396e-13,-2.7285e-11,-5.6843e-13,2.7285e-12,0.00647,0.0052972,0.022856,0.037703
218,1,0.024266,0,0,0,9.0518e-14,5.1374e-13,1.8425e-13,6.7985e-11,-6.9122e-11,-4.8203e-11,0.00578,0.014459,0.022867,0.030872
382,1,0.016572,0,0,0,1.6925e-13,3.1988e-13,1.6804e-13,-2.197e-11,3.7101e-11,2.5921e-11,0.00509,0.020084,0.015331,0.034365
340,1,0.02414,0,0,0,1.6481e-13,8.9755e-13,3.5173e-13,5.1159e-11,1.819e-11,7.185e-11,0.00577,0.023562,0.025835,0.035062
159,1,0.03729,0,0,0,2.1379e-13,4.689e-13,1.8175e-13,9.3792e-12,-6.6734e-11,1.0914e-11,0.00667,0.030387,0.015039,0.030403
304,1,0.032328,0,0,0,3.3392e-13,5.5877e-13,3.3168e-13,-8.9813e-11,3.8597e-11,-1.819e-12,0.00636,0.035156,0.026137,0.034241
145,1,0.044409,0,0,0,3.6688e-13,1.9508e-13,5.0759e-13,-1.2153e-10,-4.6384e-11,-1.6371e-11,0.00707,0.045701,0.020553,0.028848
309,1,0.030533,0,0,0,3.5048e-13,6.2496e-13,5.2539e-13,-1.7792e-11,-1.3756e-11,-2.2737e-11,0.00624,0.055146,0.024013,0.036503
228,1,0.021833,0,0,0,6.5337e-13,3.528e-13,-1.9702e-13,1.7508e-11,-1.1369e-11,1.0004e-11,0.00558,0.065275,0.027871,0.033803
214,1,0.024392,0,0,0,7.0305e-13,5.603e-13,-4.111e-13,-1.7508e-11,1.1482e-11,2.8194e-11,0.00579,0.070328,0.019939,0.028546
327,1,0.027416,0,0,0,8.7128e-13,5.8673e-13,-4.4559e-13,-1.1283e-11,2.521e-11,6.8667e-11,0.00602,0.080451,0.019367,0.032152
219,1,0.024266,0,0,0,7.2739e-13,-1.6087e-13,-2.6089e-13,-7.1623e-11,-4.2348e-11,-6.9122e-11,0.00578,0.090832,0.017334,0.028289
241,1,0.019788,0,0,0,-8.2832e-14,5.513e-13,5.4171e-13,-1.1141e-11,-2.3761e-11,-2.6574e-12,0.0054,0.0051071,0.037852,0.030197
384,1,0.016088,0,0,0,1.7182e-13,3.315e-13,8.0693e-14,-4.2064e-11,4.2746e-11,3.2287e-11,0.00504,0.011327,0.031568,0.034741
149,1,0.040568,0,0,0,5.1576e-13,4.8383e-13,5.1142e-13,1.6371e-11,-5.1841e-11,1.5461e-11,0.00686,0.027614,0.033949,0.027003
158,1,0.037458,0,0,0,4.2056e-13,2.9056e-13,4.1567e-13,3.638e-12,-5.0932e-11,3.638e-11,0.00668,0.018011,0.040141,0.03297
362,1,0.019568,0,0,0,1.0417e-12,5.7002e-13,1.0912e-13,-1.5064e-12,5.7071e-11,-1.0914e-11,0.00538,0.042199,0.041066,0.036523
338,1,0.02414,0,0,0,6.0114e-13,4.4505e-13,2.2275e-13,1.1937e-12,-2.6944e-11,-4.2746e-11,0.00577,0.044759,0.032004,0.032459
305,1,0.032024,0,0,0,6.9309e-13,9.7417e-13,-3.0654e-13,-2.683e-11,-3.2799e-11,-6.2755e-11,0.00634,0.0548,0.036219,0.035755
152,1,0.038992,0,0,0,7.1423e-13,3.6478e-13,-2.513e-13,2.4261e-10,-8.6402e-12,-1.1278e-10,0.00677,0.066329,0.039419,0.031778
259,1,0.014425,0,0,0,4.833e-13,3.7722e-13,1.4555e-13,-7.1623e-11,1.6996e-11,-3.7744e-11,0.00486,0.058971,0.031803,0.027362
197,1,0.028946,0,0,0,7.409e-13,7.2318e-14,-4.9131e-13,-1.3645e-10,-7.3442e-11,-1.4279e-10,0.00613,0.075797,0.031703,0.029907
223,1,0.023028,0,0,0,5.3146e-13,1.7652e-13,-1.9152e-13,2.2601e-10,7.9581e-13,7.9751e-11,0.00568,0.094795,0.038414,0.031934
321,1,0.028946,0,0,0,6.9994e-13,2.3739e-13,-3.6892e-13,1.2642e-10,-1.8593e-10,1.1323e-10,0.00613,0.085446,0.032801,0.035048
364,1,0.01946,0,0,0,4.549e-13,3.5948e-13,4.6238e-13,1.0459e-11,-3.547e-11,7.8217e-11,0.00537,0.004793,0.052402,0.030235
170,1,0.03451,0,0,0,9.452e-13,3.2608e-13,8.7124e-13,1.4381e-11,-2.774e-11,-1.819e-11,0.0065,0.022867,0.048838,0.026112
264,1,0.050101,0,0,0,2.5962e-12,1.0251e-12,1.321e-12,-5.9913e-11,-8.4128e-12,-1.1551e-10,0.00736,0.025617,0.051531,0.038053
186,1,0.031722,0,0,0,1.0567e-12,3.2961e-13,2.2975e-13,1.0186e-10,7.0486e-12,-4.4565e-11,0.00632,0.033838,0.044473,0.03013
195,1,0.02923,0,0,0,1.186e-12,2.9434e-13,-7.4478e-13,-3.2969e-11,-4.195e-11,8.049e-11,0.00615,0.041423,0.052878,0.034097
246,1,0.018393,0,0,0,1.0209e-12,8.5038e-13,-4.0519e-13,-7.3953e-11,-7.2305e-11,4.8203e-11,0.00527,0.04996,0.045547,0.032272
326,1,0.027828,0,0,0,9.3485e-13,1.0608e-12,-1.7826e-13,5.6389e-11,1.1846e-10,5.6389e-11,0.00605,0.053117,0.05572,0.034331
163,1,0.0358,0,0,0,9.4872e-13,6.9826e-13,-4.9868e-13,2.1305e-10,1.1619e-10,-3.2742e-11,0.00658,0.059176,0.048773,0.027023
231,1,0.021136,0,0,0,7.0233e-13,1.0389e-12,-1.0598e-12,-5.1841e-11,5.457e-12,2.0464e-11,0.00552,0.064843,0.055047,0.034854
365,1,0.01946,0,0,0,1.1172e-12,9.9654e-13,-9.3433e-13,1.0232e-11,-3.5811e-11,2.2737e-12,0.00537,0.059097,0.046555,0.038214
198,1,0.028664,0,0,0,6.8137e-13,1.9642e-13,-3.4275e-13,-7.276e-11,-2.3448e-10,-1.2005e-10,0.00611,0.077947,0.043245,0.032376
291,1,0.035637,0,0,0,4.3544e-13,2.608e-13,-4.9539e-13,2.6694e-10,-5.2978e-11,1.3642e-11,0.00657,0.08358,0.053635,0.033299
328,1,0.027416,0,0,0,3.0074e-13,5.3376e-14,-3.0252e-13,9.2314e-11,-5.3888e-11,1.3642e-11,0.00602,0.0945,0.04837,0.03748
178,1,0.033097,0,0,0,3.9549e-13,4.2356e-13,1.9702e-13,7.7307e-12,-2.936e-11,-4.0075e-11,0.00641,0.0059042,0.064709,0.02978
242,1,0.019788,0,0,0,9.5815e-13,3.5284e-13,5.4752e-13,-1.6598e-11,4.5475e-11,2.7285e-11,0.0054,0.024038,0.059513,0.02912
303,1,0.032481,0,0,0,1.2638e-12,7.1328e-13,3.4654e-13,5.457e-12,-3.331e-11,-6.321e-11,0.00637,0.016374,0.064138,0.035907
324,1,0.028244,0,0,0,1.938e-12,6.8845e-13,-3.5721e-13,4.1382e-11,-5.673e-11,-1.7735e-11,0.00608,0.028349,0.064638,0.037276
387,1,0.015897,0,0,0,1.733e-12,6.7346e-13,3.4222e-13,-9.2484e-11,3.638e-12,3.1832e-11,0.00502,0.037846,0.062868,0.033879
344,1,0.023272,0,0,0,1.3732e-11,6.4633e-12,1.0769e-11,-3.6607e-11,-4.3826e-11,-2.4556e-11,0.0057,0.04865,0.064398,0.03939
140,1,0.049897,0,0,0,1.4836e-12,5.6717e-13,-1.6252e-12,5.4115e-11,1.3642e-11,6.8212e-11,0.00735,0.060249,0.063089,0.026601
306,1,0.031873,0,0,0,1.9763e-13,2.0438e-12,-3.2881e-12,1.9941e-10,-4.1041e-11,8.4128e-11,0.00633,0.064044,0.065479,0.039761
235,1,0.020342,0,0,0,9.6419e-13,5.2496e-13,-1.688e-12,4.7407e-11,9.5042e-11,6.5484e-11,0.00545,0.071507,0.063862,0.031524
353,1,0.020907,0,0,0,9.0946e-13,-6.395e-14,-1.4204e-12,6.0254e-11,3.0695e-11,1.6826e-11,0.0055,0.078537,0.06898,0.036378
200,1,0.028383,0,0,0,6.8215e-13,-3.9594e-14,-3.298e-13,1.6371e-11,-3.6664e-11,2.1913e-11,0.00609,0.094083,0.059926,0.031916
217,1,0.024266,0,0,0,7.0422e-13,1.7357e-14,-7.6147e-13,-1.1266e-10,3.8312e-11,-1.819e-12,0.00578,0.08854,0.069924,0.032387
187,1,0.031722,0,0,0,4.1893e-13,9.6143e-14,1.7298e-13,-1.819e-12,-8.6402e-12,-3.9336e-11,0.00632,0.0051125,0.077028,0.031122
230,1,0.021251,0,0,0,1.279e-12,5.648e-13,-2.0529e-13,2.1828e-11,6.5484e-11,6.5029e-11,0.00553,0.02302,0.072581,0.031668
369,1,0.018393,0,0,0,6.8021e-13,2.4231e-13,3.5286e-14,1.897e-11,3.6202e-12,4.0473e-11,0.00527,0.015719,0.079444,0.032997
182,1,0.032024,0,0,0,8.9395e-13,7.1755e-14,-2.8862e-13,3.638e-12,-5.6843e-11,-4.8203e-11,0.00634,0.026939,0.085048,0.032989
216,1,0.024266,0,0,0,3.3253e-13,-6.6665e-13,-2.6267e-13,9.0949e-12,2.7239e-10,3.7289e-11,0.00578,0.03317,0.077305,0.027326
215,1,0.024392,0,0,0,9.9519e-13,-1.3958e-12,-1.2507e-12,7.4579e-11,-1.5802e-11,-1.2187e-10,0.00579,0.038287,0.085341,0.032054
212,1,0.024646,0,0,0,2.322e-12,2.2078e-12,-9.7999e-12,2.8194e-11,-2.9445e-11,1.5825e-10,0.00581,0.055741,0.071614,0.034669
135,1,0.054946,0,0,0,2.9391e-12,2.0786e-12,-2.2055e-13,8.5493e-11,-1.2608e-10,9.5497e-11,0.00759,0.043576,0.073676,0.032755
351,1,0.021136,0,0,0,2.6587e-11,-6.6201e-12,1.7725e-11,-9.5497e-11,2.3192e-11,-2.0236e-10,0.00552,0.051442,0.082929,0.040104
144,1,0.046709,0,0,0,2.9673e-12,-6.8448e-13,7.5412e-13,-6.0027e-11,1.0664e-10,1.8008e-10,0.00719,0.057569,0.083123,0.029948
319,1,0.02923,0,0,0,2.2383e-12,1.1152e-13,-3.0744e-12,5.636e-11,3.1797e-12,7.3669e-11,0.00615,0.066039,0.073867,0.030839
380,1,0.016768,0,0,0,2.3914e-12,4.8989e-13,-3.496e-12,7.2419e-11,-1.2278e-11,8.8676e-11,0.00511,0.062109,0.078396,0.039797
141,1,0.049897,0,0,0,1.4224e-12,2.3497e-13,-1.069e-12,9.4474e-11,7.2419e-11,6.4574e-11,0.00735,0.078256,0.076973,0.027602
332,1,0.026604,0,0,0,6.7936e-13,2.3001e-13,-4.6458e-13,-2.3294e-10,-4.5929e-11,8.8221e-11,0.00596,0.088368,0.081535,0.031828
383,1,0.016088,0,0,0,6.5195e-13,1.6592e-13,-2.522e-13,1.6371e-11,-1.8758e-11,1.1369e-11,0.00504,0.096143,0.075999,0.033589
203,1,0.027828,0,0,0,2.9781e-13,-1.0755e-13,3.2439e-13,-8.6402e-12,1.2164e-11,3.2799e-11,0.00605,0.0056342,0.094334,0.03248
238,1,0.02023,0,0,0,3.8398e-13,-3.2959e-13,1.9709e-13,3.0923e-11,-1.1823e-11,1.2278e-11,0.00544,0.014669,0.088517,0.029243
376,1,0.017365,0,0,0,5.2461e-13,-1.2243e-13,3.3722e-13,-2.2368e-11,-4.8203e-11,-9.0949e-13,0.00517,0.019966,0.095747,0.032895
156,1,0.037795,0,0,0,1.0462e-12,-6.7646e-13,1.2162e-12,-4.7294e-11,-2.9104e-11,4.6384e-11,0.0067,0.039421,0.094766,0.025686
249,1,0.017669,0,0,0,2.7499e-13,-1.9953e-12,1.129e-12,-1.0687e-11,5.9799e-11,4.0927e-12,0.0052,0.040051,0.095166,0.037145
207,1,0.027279,0,0,0,1.1281e-12,-5.2557e-12,4.4752e-12,-1.8218e-11,-4.1268e-11,-6.321e-11,0.00601,0.048134,0.090318,0.032397
258,1,0.014784,0,0,0,7.1274e-13,-1.2913e-13,1.3683e-13,1.2176e-10,-5.5479e-11,-4.3656e-11,0.0049,0.06379,0.095608,0.027224
196,1,0.028946,0,0,0,2.3953e-12,5.8493e-13,2.379e-12,5.1223e-11,-1.4461e-10,-7.0372e-11,0.00613,0.058494,0.094305,0.035815
143,1,0.047492,0,0,0,8.4023e-13,-2.5256e-13,-3.4681e-13,-1.2062e-10,-6.5484e-11,4.7294e-11,0.00723,0.070225,0.087876,0.032277
390,1,0.014248,0,0,0,3.0203e-13,-1.2182e-13,-3.4104e-13,5.1728e-12,-4.3428e-11,2.1373e-11,0.00484,0.079994,0.095499,0.036832
379,1,0.016768,0,0,0,7.2498e-13,-3.0826e-13,-4.6949e-13,-2.8649e-11,-1.0277e-10,-3.638e-11,0.00511,0.080472,0.085741,0.036564
229,1,0.021599,0,0,0,5.8038e-13,5.5714e-13,-2.7997e-13,7.276e-12,4.6157e-11,-5.1443e-11,0.00556,0.09522,0.08617,0.026451
176,1,0.033564,0,0,0,4.6264e-13,1.6071e-13,-2.9356e-13,-6.1391e-11,-7.3669e-11,-4.5361e-11,0.00644,0.093505,0.094306,0.033602
341,1,0.02414,0,0,0,1.7711e-13,3.0259e-13,-4.8259e-14,3.0876e-11,8.7681e-12,7.975e-11,0.00577,0.025852,0.0057135,0.041293
265,1,0.048485,0,0,0,-3.4618e-13,5.8767e-13,3.82e-13,-7.3442e-11,-4.6441e-11,-3.3651e-11,0.00728,0.041378,0.014192,0.039417
336,1,0.024266,0,0,0,-3.8947e-13,3.3884e-14,-3.9027e-13,1.0374e-10,-1.9327e-11,5.6843e-11,0.00578,0.086504,0.013767,0.038617
381,1,0.016572,0,0,0,-7.7372e-14,-1.6372e-13,-4.8229e-13,5.0107e-11,4.5439e-12,1.4403e-11,0.00509,0.094965,0.0044632,0.041103
271,1,0.044597,0,0,0,2.5193e-13,7.8845e-13,2.9223e-13,-2.8422e-13,5.4683e-11,1.1642e-10,0.00708,0.028448,0.018032,0.042778
343,1,0.023641,0,0,0,7.09e-13,-7.8918e-14,-4.1994e-13,9.959e-11,-9.5781e-11,-5.0932e-11,0.00573,0.075426,0.03569,0.040158
322,1,0.028805,0,0,0,7.1073e-13,4.8496e-13,-3.8894e-13,-8.5947e-11,-1.8736e-10,1.819e-11,0.00612,0.070418,0.046675,0.040699
267,1,0.046709,0,0,0,1.8834e-12,4.731e-13,3.1874e-14,3.4902e-11,-7.276e-12,-1.337e-10,0.00719,0.018539,0.087876,0.041674
281,1,0.038992,0,0,0,1.1268e-13,4.7786e-13,-1.266e-12,2.8899e-10,9.4133e-11,1.6644e-10,0.00677,0.07457,0.058068,0.040918
310,1,0.03024,0,0,0,1.6178e-12,-6.8012e-13,-1.0298e-12,9.1973e-11,2.0128e-10,-6.0027e-11,0.00622,0.073249,0.078127,0.039836
300,1,0.033407,0,0,0,7.8739e-13,4.2102e-13,3.5417e-13,-2.0009e-11,5.025e-11,9.2797e-11,0.00643,0.0061373,0.084603,0.039568
337,1,0.024266,0,0,0,9.4676e-13,6.2893e-13,-4.9804e-13,-1.0779e-11,-5.457e-11,-7.5488e-11,0.00578,0.029672,0.09507,0.036628
373,1,0.017669,0,0,0,2.5291e-12,-9.5332e-13,3.728e-12,-1.8872e-11,3.7289e-11,-1.5802e-11,0.0052,0.049031,0.095223,0.041806
302,1,0.033097,0,0,0,2.3423e-12,-4.7707e-13,2.6098e-13,-8.8619e-11,-7.0941e-11,-6.2244e-11,0.00641,0.06945,0.094288,0.042996
355,1,0.020793,0,0,0,-1.2415e-12,-2.2998e-14,1.707e-12,4.4736e-11,3.4561e-11,4.6612e-12,0.00549,0.049498,0.004964,0.040008
308,1,0.031572,0,0,0,-9.9381e-14,-1.8649e-13,-7.8439e-13,-5.5707e-12,2.0009e-11,6.8326e-11,0.00631,0.072801,0.0055648,0.04746
283,1,0.03882,0,0,0,-1.1395e-13,8.294e-14,-4.0085e-13,1.5355e-11,-4.0473e-11,1.0959e-10,0.00676,0.085659,0.0064249,0.047865
331,1,0.026873,0,0,0,2.6485e-13,4.4575e-13,1.6708e-13,7.0486e-12,6.7303e-11,-1.9099e-11,0.00598,0.014043,0.016371,0.042837
277,1,0.041102,0,0,0,4.6057e-13,5.9889e-13,3.3284e-13,-3.3431e-11,9.5497e-12,-1.819e-11,0.00689,0.044388,0.026785,0.043254
371,1,0.018288,0,0,0,-9.6125e-13,6.4105e-13,2.2553e-12,7.185e-11,-8.7539e-12,8.3674e-11,0.00526,0.052941,0.015212,0.042875
312,1,0.030094,0,0,0,1.1262e-12,1.0924e-13,-1.0382e-12,1.7853e-10,9.4587e-11,-7.4124e-11,0.00621,0.071919,0.020733,0.039552
278,1,0.040568,0,0,0,6.9905e-13,9.7969e-14,-3.3701e-13,-2.0458e-10,-5.042e-11,-5.0932e-11,0.00686,0.083508,0.02458,0.043381
352,1,0.021022,0,0,0,6.7175e-13,1.0582e-12,1.0733e-12,1.9895e-11,-4.7976e-11,-3.7289e-11,0.00551,0.014186,0.037763,0.04346
272,1,0.043473,0,0,0,5.4365e-13,9.8415e-13,3.8083e-13,-1.2449e-11,2.7057e-11,-3.4561e-11,0.00702,0.023904,0.030841,0.04598
333,1,0.026204,0,0,0,9.0307e-13,1.1465e-12,4.6214e-13,-5.2864e-11,-4.3087e-11,4.0473e-11,0.00593,0.0314,0.03682,0.038222
389,1,0.014784,0,0,0,9.9968e-13,1.1665e-12,-2.8173e-13,1.819e-12,9.5497e-12,2.5466e-11,0.0049,0.054802,0.03053,0.044956
275,1,0.041461,0,0,0,6.8495e-13,5.5673e-13,-2.5917e-13,1.2199e-10,2.4784e-11,-7.6398e-11,0.00691,0.064141,0.036654,0.044471
296,1,0.034035,0,0,0,8.0915e-13,1.0484e-12,8.8328e-13,-6.3949e-13,6.5938e-11,1.819e-11,0.00647,0.0078274,0.045626,0.038126
289,1,0.035964,0,0,0,2.4356e-12,4.4045e-13,-9.9937e-13,-5.2523e-11,-1.7678e-11,3.8199e-11,0.00659,0.04854,0.048664,0.042985
374,1,0.017669,0,0,0,2.3128e-15,1.9556e-13,-3.2048e-13,2.1009e-10,1.0971e-11,3.1378e-11,0.0052,0.084838,0.044565,0.040503
330,1,0.027008,0,0,0,-3.97e-13,3.4111e-13,-1.2933e-13,9.0267e-11,5.69e-11,4.2249e-11,0.00599,0.094276,0.042817,0.047436
320,1,0.028946,0,0,0,9.0333e-13,6.2774e-13,3.5266e-13,-9.0949e-12,2.7285e-12,-8.481e-11,0.00613,0.0055701,0.057906,0.039583
285,1,0.037626,0,0,0,2.9085e-12,2.1266e-12,5.8189e-13,6.8141e-11,-2.3192e-11,1.6553e-10,0.00669,0.038142,0.069572,0.04431
282,1,0.038992,0,0,0,1.625e-12,6.825e-13,3.7641e-13,2.9559e-11,-1.4597e-10,-6.8212e-11,0.00677,0.014541,0.075245,0.043526
363,1,0.019568,0,0,0,1.6164e-12,8.5742e-13,-1.8387e-13,-1.7224e-11,6.23e-11,1.3642e-11,0.00538,0.030252,0.075596,0.038307
345,1,0.023028,0,0,0,9.2927e-13,7.0585e-14,3.4783e-13,-2.6375e-11,3.3651e-11,-2.3249e-11,0.00568,0.0086424,0.095069,0.043167
276,1,0.041102,0,0,0,5.329e-12,-2.0375e-12,-1.1048e-12,-5.9117e-11,-7.3214e-11,6.5484e-11,0.00689,0.035209,0.085486,0.043178
325,1,0.027966,0,0,0,4.3862e-12,5.6376e-13,-4.151e-13,2.2993e-11,5.9117e-12,2.7875e-11,0.00606,0.027724,0.094288,0.047745
339,1,0.02414,0,0,0,6.8367e-12,7.0745e-13,3.0989e-12,-8.95e-11,8.6857e-11,6.8496e-11,0.00577,0.063453,0.094461,0.053058
294,1,0.035151,0,0,0,3.3023e-13,-6.382e-13,-3.7842e-13,7.7762e-11,-2.3442e-10,1.6098e-10,0.00654,0.082226,0.090324,0.0462
342,1,0.023641,0,0,0,4.0065e-13,6.2082e-14,-2.6468e-13,-7.9808e-11,-5.8208e-11,-1.9554e-11,0.00573,0.093831,0.084809,0.040636
297,1,0.034035,0,0,0,6.1355e-14,1.1404e-13,2.5351e-13,3.9506e-12,1.3642e-12,2.8791e-11,0.00647,0.0168,0.0063062,0.04893
266,1,0.047492,0,0,0,-5.1591e-13,5.6478e-13,3.5338e-13,1.9327e-11,1.0914e-11,-1.2733e-11,0.00723,0.031606,0.0082535,0.052073
301,1,0.033252,0,0,0,8.5718e-13,3.5127e-14,-9.9567e-13,-4.6114e-11,6.4574e-11,8.0149e-11,0.00642,0.058356,0.0059559,0.046796
391,1,0.01416,0,0,0,3.7098e-13,1.8543e-13,6.1453e-13,-2.16e-11,1.5916e-11,-1.7735e-11,0.00483,0.057948,0.0042546,0.033339
354,1,0.020793,0,0,0,5.4028e-13,-5.9552e-13,-4.5817e-12,-1.6598e-11,9.0949e-13,8.4583e-11,0.00549,0.065573,0.014278,0.045285
290,1,0.0358,0,0,0,-5.2449e-13,-2.5253e-13,-6.7089e-13,7.9353e-11,5.6389e-11,-1.3642e-11,0.00658,0.076461,0.016755,0.050544
385,1,0.016088,0,0,0,-4.4348e-13,-2.4325e-13,-3.9208e-13,4.9596e-11,-8.6509e-12,1.3927e-12,0.00504,0.09504,0.013219,0.045568
358,1,0.019898,0,0,0,2.1189e-13,5.5328e-13,1.0354e-12,3.2287e-11,2.6631e-11,8.4128e-12,0.00541,0.004923,0.033201,0.043423
377,1,0.016866,0,0,0,1.9412e-13,6.6986e-13,1.9257e-13,1.4211e-11,-5.2296e-12,7.276e-12,0.00512,0.019884,0.020772,0.050552
334,1,0.024646,0,0,0,-2.4e-12,8.8506e-13,4.3741e-13,1.0243e-10,1.2989e-11,1.0141e-10,0.00581,0.045994,0.017019,0.050916
268,1,0.04632,0,0,0,9.1037e-12,3.0691e-12,-2.9085e-12,-2.6102e-10,-1.7326e-10,2.301e-10,0.00717,0.058259,0.021711,0.051472
323,1,0.028523,0,0,0,-3.4393e-13,-1.2031e-13,-3.3133e-13,1.9702e-10,-7.8984e-11,4.6839e-11,0.0061,0.09412,0.02346,0.050111
317,1,0.029373,0,0,0,4.2191e-13,-7.5005e-14,-3.2823e-13,1.9554e-10,-5.3831e-11,4.0018e-11,0.00616,0.094576,0.021463,0.038527
287,1,0.036789,0,0,0,1.5624e-12,4.4978e-13,1.0428e-12,4.286e-11,4.1837e-11,6.0027e-11,0.00664,0.023168,0.043764,0.048651
270,1,0.044787,0,0,0,7.0486e-13,8.2029e-13,1.9697e-14,5.3944e-11,9.3678e-11,8.2764e-11,0.00709,0.034782,0.025127,0.052588
357,1,0.020119,0,0,0,1.7318e-12,9.8151e-13,1.4812e-14,1.2875e-11,1.5973e-11,-7.7307e-12,0.00543,0.044201,0.038259,0.046088
388,1,0.015897,0,0,0,1.7628e-12,1.0558e-12,-7.5677e-13,-8.8676e-12,-3.908e-11,3.8199e-11,0.00502,0.053946,0.040251,0.047905
315,1,0.029373,0,0,0,3.8488e-13,-5.0836e-13,-4.7834e-13,1.815e-10,-1.296e-11,1.3642e-11,0.00616,0.072341,0.028257,0.048634
263,1,0.057146,0,0,0,-4.3845e-13,1.3345e-13,-3.7475e-13,1.7434e-10,-1.3915e-10,5.6389e-11,0.00769,0.082751,0.037027,0.05047
313,1,0.029949,0,0,0,-8.098e-14,1.8444e-14,-2.9022e-13,1.2369e-10,-5.8662e-11,-2.7285e-11,0.0062,0.094466,0.032707,0.041796
335,1,0.024392,0,0,0,4.8874e-12,2.4272e-12,-1.9097e-12,3.3538e-11,-6.23e-11,-1.3642e-12,0.00579,0.035797,0.057921,0.042757
311,1,0.03024,0,0,0,3.1336e-12,1.7642e-12,5.5551e-13,8.7994e-11,-7.8714e-11,5.2751e-11,0.00622,0.036056,0.046298,0.043573
273,1,0.043103,0,0,0,5.2278e-12,1.5328e-12,-1.9202e-13,-2.9024e-10,-7.4053e-11,3.638e-11,0.007,0.042781,0.04698,0.054533
346,1,0.022187,0,0,0,6.0434e-13,1.0349e-12,-1.1192e-12,9.868e-11,4.5134e-11,-4.1382e-11,0.00561,0.058594,0.055868,0.043619
288,1,0.036128,0,0,0,-4.6235e-13,1.4411e-13,-3.2507e-13,3.9336e-11,-9.49e-11,1.6669e-11,0.0066,0.093681,0.055076,0.047475
350,1,0.021136,0,0,0,5.3317e-13,-5.3111e-13,-8.4902e-14,-3.4106e-11,2.0464e-12,7.5374e-11,0.00552,0.09484,0.075692,0.046716
269,1,0.044976,0,0,0,2.344e-12,1.0178e-12,3.4594e-13,-6.5711e-11,-4.6384e-11,1.9099e-11,0.0071,0.012531,0.05206,0.048355
316,1,0.029373,0,0,0,5.5812e-12,3.4837e-12,5.6763e-13,9.3223e-12,-1.2346e-10,1.3188e-11,0.00616,0.03145,0.052892,0.052324
295,1,0.034351,0,0,0,2.5439e-12,-4.9395e-12,6.5923e-12,-1.196e-10,-1.0232e-11,-1.055e-10,0.00649,0.045675,0.059292,0.049384
262,1,0.064099,0,0,0,3.7406e-13,2.0164e-12,-1.8586e-12,4.6111e-10,-2.0691e-10,2.0827e-10,0.00799,0.066806,0.059868,0.052748
284,1,0.037964,0,0,0,4.6978e-13,-2.8908e-13,-7.4215e-13,1.3805e-10,-1.2955e-10,8.1855e-12,0.00671,0.085587,0.064082,0.0438
366,1,0.019028,0,0,0,5.9365e-13,-2.5219e-13,-2.7056e-13,-7.5488e-11,-6.8802e-11,5.8037e-11,0.00533,0.095438,0.067826,0.039743
348,1,0.021833,0,0,0,6.9104e-13,2.6035e-13,3.5067e-13,1.728e-11,-1.6598e-11,2.2055e-11,0.00558,0.0051039,0.069468,0.03995
286,1,0.03729,0,0,0,3.6511e-12,2.0192e-12,-4.4904e-13,-4.1496e-11,7.7762e-11,7.276e-12,0.00667,0.025162,0.069298,0.047813
279,1,0.039687,0,0,0,3.0449e-12,1.5083e-12,-4.3092e-13,5.3959e-11,8.0568e-11,-6.2755e-11,0.00681,0.025598,0.0818,0.051415
292,1,0.035637,0,0,0,1.476e-10,-1.7885e-11,-6.3643e-12,-1.471e-09,2.4556e-10,2.8831e-10,0.00657,0.053622,0.073085,0.046097
274,1,0.041642,0,0,0,-8.5359e-14,8.1445e-13,2.7844e-12,6.1618e-11,-2.0577e-11,-1.9918e-10,0.00692,0.038569,0.078339,0.054042
347,1,0.022187,0,0,0,1.1682e-12,-1.7904e-12,-5.1391e-13,7.8785e-11,1.0135e-10,-2.2737e-12,0.00561,0.074344,0.07684,0.05263
349,1,0.021367,0,0,0,1.2787e-12,-3.4641e-13,-1.7262e-12,1.5243e-10,5.7526e-11,-2.0009e-11,0.00554,0.073527,0.068664,0.045833
298,1,0.033877,0,0,0,6.9055e-13,9.6945e-14,-3.3211e-13,3.1861e-11,2.0998e-10,-6.8212e-11,0.00646,0.08571,0.079953,0.05258
329,1,0.027279,0,0,0,7.0281e-13,-5.4864e-13,-6.3971e-13,7.7467e-11,4.1155e-11,-1.9099e-11,0.00601,0.085144,0.076438,0.041178
314,1,0.02966,0,0,0,2.4795e-13,-6.3062e-13,3.3915e-13,-1.08e-12,-8.1362e-11,-1.0819e-10,0.00618,0.0060888,0.087245,0.05131
368,1,0.018815,0,0,0,1.4189e-12,6.3969e-13,2.4513e-13,2.2212e-11,1.5234e-11,1.819e-12,0.00531,0.01599,0.095017,0.050923
360,1,0.019678,0,0,0,7.5329e-12,5.5215e-12,4.4584e-12,-5.9117e-11,-2.7853e-12,-7.0486e-11,0.00539,0.056905,0.089877,0.04583
307,1,0.031722,0,0,0,3.48e-12,-7.4059e-13,-3.3261e-13,1.4984e-10,-6.23e-11,-3.4106e-11,0.00632,0.066246,0.08376,0.048304
299,1,0.033564,0,0,0,-9.9112e-14,3.0183e-14,-1.4802e-13,5.6161e-11,-8.4128e-11,3.0468e-11,0.00644,0.09403,0.093992,0.04771
386,1,0.015897,0,0,0,-3.7785e-13,4.0859e-13,4.7101e-13,6.5938e-12,-1.819e-12,1.8758e-11,0.00502,0.040192,0.0043138,0.045129
367,1,0.018815,0,0,0,3.643e-13,5.3944e-13,3.3758e-13,3.4333e-11,1.6371e-11,-4.5475e-12,0.00531,0.012594,0.026793,0.045399
378,1,0.016866,0,0,0,1.0449e-12,1.2628e-12,5.0944e-13,2.3078e-11,-8.1286e-12,1.8872e-11,0.00512,0.034337,0.036292,0.048325
356,1,0.020342,0,0,0,6.8366e-13,1.5955e-12,-5.6419e-13,1.1894e-11,-1.3983e-11,-6.5484e-11,0.00545,0.062781,0.047682,0.04909
370,1,0.018393,0,0,0,2.1456e-12,7.1704e-13,5.5683e-13,-2.3789e-11,-1.1369e-11,-8.4128e-11,0.00527,0.012094,0.064001,0.046231
372,1,0.018288,0,0,0,3.5866e-12,2.0904e-12,9.0427e-13,3.6039e-11,-9.004e-11,1.1823e-11,0.00526,0.02287,0.058043,0.047764
318,1,0.029373,0,0,0,5.6393e-12,-6.1216e-13,5.1922e-12,-7.6398e-11,6.1448e-11,5.0022e-12,0.00616,0.046233,0.087212,0.048838
